z_thresh,contracts,max_trades,stop_ratio,pass_rate,expectancy,risk_reward,win_rate,avg_mc_pnl,total_trades,score
1.5,2,2,0.6,0.866,124.90149253731133,2.6097603536528418,0.417910447761194,2912.040799999954,67,211.50149253731132
1.25,3,2,0.4,0.594,147.99677419353492,2.1263459113395324,0.41935483870967744,1612.038799999898,62,207.39677419353492
1.5,2,2,0.4,0.822,124.90149253731133,2.6097603536528418,0.417910447761194,2687.2623999999532,67,207.10149253731132
1.5,2,2,0.5,0.814,124.90149253731133,2.6097603536528418,0.417910447761194,2640.3247999999526,67,206.30149253731133
1.25,3,2,0.5,0.572,147.99677419353492,2.1263459113395324,0.41935483870967744,1473.7319999998979,62,205.1967741935349
1.25,3,2,0.6,0.572,147.99677419353492,2.1263459113395324,0.41935483870967744,1467.7991999998997,62,205.1967741935349
0.8,2,2,0.6,0.642,122.25454545454048,2.6476169590642815,0.3787878787878788,1730.1479999999458,66,186.4545454545405
0.8,2,2,0.5,0.636,122.25454545454048,2.6476169590642815,0.3787878787878788,1743.3903999999466,66,185.85454545454047
0.8,2,2,0.4,0.63,122.25454545454048,2.6476169590642815,0.3787878787878788,1700.2423999999437,66,185.25454545454048
0.8,3,2,0.4,0.538,130.3129032257919,2.0618174386920285,0.4032258064516129,1118.9263999999132,62,184.1129032257919
0.8,3,2,0.6,0.524,130.3129032257919,2.0618174386920285,0.4032258064516129,1111.8643999999138,62,182.7129032257919
1.5,1,2,0.5,0.958,86.47142857142774,2.8481139014395143,0.44285714285714284,3364.539199999969,70,182.27142857142775
1.5,1,2,0.6,0.954,86.47142857142774,2.8481139014395143,0.44285714285714284,3346.051999999969,70,181.8714285714277
1.25,2,2,0.5,0.74,107.19999999999717,2.9789185326345557,0.36363636363636365,2323.3287999999393,66,181.19999999999717
1.5,1,2,0.4,0.944,86.47142857142774,2.8481139014395143,0.44285714285714284,3297.315199999969,70,180.8714285714277
0.8,3,2,0.5,0.5,130.3129032257919,2.0618174386920285,0.4032258064516129,1052.4995999999167,62,180.3129032257919
1.25,2,2,0.6,0.73,107.19999999999717,2.9789185326345557,0.36363636363636365,2297.0103999999383,66,180.19999999999717
1.5,2,20,0.5,0.878,91.99716312056549,2.2470486141332326,0.41843971631205673,3139.3335999999354,282,179.79716312056547
0.8,1,2,0.4,0.962,83.04999999999936,3.470141150922896,0.375,3328.0967999999743,72,179.24999999999937
0.8,1,2,0.6,0.962,83.04999999999936,3.470141150922896,0.375,3315.732399999975,72,179.24999999999937
1.25,2,2,0.4,0.72,107.19999999999717,2.9789185326345557,0.36363636363636365,2294.387999999939,66,179.19999999999717
0.8,1,2,0.5,0.95,83.04999999999936,3.470141150922896,0.375,3247.7579999999753,72,178.04999999999936
1.5,2,20,0.4,0.846,91.99716312056549,2.2470486141332326,0.41843971631205673,2992.991999999938,282,176.59716312056548
1.5,2,10,0.5,0.832,92.5775784753344,2.327783180811526,0.4080717488789238,2881.8119999999426,223,175.7775784753344
1.5,2,15,0.6,0.824,93.12754716980908,2.3429654123178416,0.4075471698113208,2921.131199999936,265,175.52754716980905
1.5,2,15,0.4,0.82,93.12754716980908,2.3429654123178416,0.4075471698113208,2937.780799999934,265,175.12754716980908
1.5,2,15,0.5,0.818,93.12754716980908,2.3429654123178416,0.4075471698113208,2840.5207999999407,265,174.9275471698091
1.5,2,20,0.6,0.826,91.99716312056549,2.2470486141332326,0.41843971631205673,2914.1511999999343,282,174.59716312056548
1.5,2,10,0.4,0.808,92.5775784753344,2.327783180811526,0.4080717488789238,2705.563199999942,223,173.37757847533442
0.8,1,6,0.6,0.982,74.47299999999997,3.2110778047540474,0.385,3456.0035999999795,200,172.67299999999997
0.8,1,6,0.4,0.98,74.47299999999997,3.2110778047540474,0.385,3414.73599999998,200,172.47299999999996
0.8,1,6,0.5,0.974,74.47299999999997,3.2110778047540474,0.385,3419.7435999999807,200,171.87299999999996
0.8,1,8,0.4,0.992,72.63749999999989,3.1032686414708865,0.390625,3521.8067999999803,256,171.8374999999999
0.8,1,8,0.5,0.986,72.63749999999989,3.1032686414708865,0.390625,3492.85239999998,256,171.2374999999999
1.5,2,3,0.5,0.776,93.61649484535721,2.562003098428929,0.38144329896907214,2445.382399999926,97,171.2164948453572
1.5,2,25,0.4,0.836,87.43754266211405,2.195432693025915,0.4197952218430034,2918.6591999999328,293,171.03754266211405
0.8,1,8,0.6,0.982,72.63749999999989,3.1032686414708865,0.390625,3502.7991999999826,256,170.8374999999999
1.5,2,10,0.6,0.782,92.5775784753344,2.327783180811526,0.4080717488789238,2594.8407999999426,223,170.7775784753344
1.5,2,3,0.4,0.76,93.61649484535721,2.562003098428929,0.38144329896907214,2374.53999999993,97,169.6164948453572
1.5,2,25,0.5,0.82,87.43754266211405,2.195432693025915,0.4197952218430034,2889.3879999999313,293,169.43754266211405
1.5,3,2,0.6,0.566,112.80952380951726,2.0013789044768555,0.4126984126984127,1364.885999999944,63,169.40952380951725
1.5,2,3,0.6,0.754,93.61649484535721,2.562003098428929,0.38144329896907214,2368.0415999999286,97,169.01649484535722
1.5,3,2,0.5,0.55,112.80952380951726,2.0013789044768555,0.4126984126984127,1313.6351999999486,63,167.80952380951726
0.8,2,25,0.6,0.73,92.6927659574452,2.1081369826473453,0.42127659574468085,2395.4223999999385,235,165.6927659574452
1.5,3,2,0.4,0.524,112.80952380951726,2.0013789044768555,0.4126984126984127,1172.1959999999503,63,165.20952380951726
0.8,1,10,0.6,0.988,66.1391585760516,3.073692223643999,0.3818770226537217,3522.905999999977,309,164.9391585760516
1.5,2,8,0.4,0.774,87.36915422885389,2.4043878987540683,0.39303482587064675,2531.7575999999485,201,164.7691542288539
1.5,2,8,0.5,0.772,87.36915422885389,2.4043878987540683,0.39303482587064675,2498.1735999999473,201,164.5691542288539
0.8,1,10,0.4,0.982,66.1391585760516,3.073692223643999,0.3818770226537217,3515.2679999999773,309,164.3391585760516
1.5,2,25,0.6,0.768,87.43754266211405,2.195432693025915,0.4197952218430034,2535.380799999934,293,164.23754266211404
0.8,2,25,0.4,0.714,92.6927659574452,2.1081369826473453,0.42127659574468085,2303.582399999944,235,164.09276595744518
1.5,2,8,0.6,0.766,87.36915422885389,2.4043878987540683,0.39303482587064675,2508.5463999999447,201,163.96915422885388
1.5,2,4,0.4,0.742,89.69354838709441,2.4934586813307704,0.3870967741935484,2294.8655999999423,124,163.89354838709443
0.8,1,10,0.5,0.976,66.1391585760516,3.073692223643999,0.3818770226537217,3471.7179999999757,309,163.73915857605158
0.8,2,25,0.5,0.698,92.6927659574452,2.1081369826473453,0.42127659574468085,2197.3991999999403,235,162.49276595744522
1.5,2,4,0.5,0.722,89.69354838709441,2.4934586813307704,0.3870967741935484,2233.5079999999425,124,161.89354838709443
0.8,2,20,0.5,0.726,89.09043478260702,2.1400209692535657,0.41304347826086957,2415.4007999999417,230,161.690434782607
1.5,2,4,0.6,0.718,89.69354838709441,2.4934586813307704,0.3870967741935484,2208.620799999942,124,161.4935483870944
0.8,1,4,0.4,0.944,65.88345323740985,3.2880564704140873,0.3597122302158273,3254.2843999999704,139,160.28345323740984
0.8,2,15,0.6,0.69,90.02142857142655,2.198159807859555,0.40625,2229.411199999942,224,159.02142857142655
1.5,1,10,0.5,0.986,60.130960854092294,2.621347873881444,0.41637010676156583,3499.8419999999824,281,158.7309608540923
1.5,1,3,0.4,0.956,62.97450980392101,2.7843759223938243,0.4019607843137255,3285.8303999999694,102,158.574509803921
1.5,1,10,0.6,0.984,60.130960854092294,2.621347873881444,0.41637010676156583,3536.3815999999806,281,158.5309608540923
0.8,1,4,0.5,0.926,65.88345323740985,3.2880564704140873,0.3597122302158273,3199.1347999999716,139,158.48345323740986
0.8,2,15,0.4,0.684,90.02142857142655,2.198159807859555,0.40625,2140.2327999999416,224,158.42142857142656
1.5,1,3,0.6,0.954,62.97450980392101,2.7843759223938243,0.4019607843137255,3347.304799999969,102,158.374509803921
1.5,3,3,0.4,0.592,99.15294117646425,2.123532932066005,0.38823529411764707,1405.4707999999305,85,158.35294117646424
1.5,1,10,0.4,0.982,60.130960854092294,2.621347873881444,0.41637010676156583,3538.947599999981,281,158.3309608540923
1.5,1,8,0.4,0.986,59.57907949790766,2.740189033474048,0.401673640167364,3543.920799999978,239,158.17907949790765
0.8,1,4,0.6,0.916,65.88345323740985,3.2880564704140873,0.3597122302158273,3151.4427999999693,139,157.48345323740986
1.5,1,8,0.5,0.978,59.57907949790766,2.740189033474048,0.401673640167364,3438.738399999978,239,157.37907949790764
1.5,1,3,0.5,0.944,62.97450980392101,2.7843759223938243,0.4019607843137255,3362.82479999997,102,157.374509803921
0.8,2,15,0.5,0.67,90.02142857142655,2.198159807859555,0.40625,2115.2087999999444,224,157.02142857142655
1.5,1,8,0.6,0.974,59.57907949790766,2.740189033474048,0.401673640167364,3472.010799999978,239,156.97907949790766
1.5,2,6,0.4,0.782,78.77633136094542,2.367780132325571,0.3905325443786982,2579.9639999999463,169,156.97633136094544
0.8,1,15,0.4,0.988,57.66976744186023,2.7857566514247605,0.3930232558139535,3574.3547999999723,430,156.46976744186023
1.5,2,6,0.5,0.772,78.77633136094542,2.367780132325571,0.3905325443786982,2506.5191999999497,169,155.97633136094544
1.0,3,2,0.5,0.524,103.51818181817242,2.3802501739514907,0.36363636363636365,1156.480799999915,66,155.91818181817243
0.8,1,15,0.5,0.982,57.66976744186023,2.7857566514247605,0.3930232558139535,3524.7511999999756,430,155.86976744186023
0.8,1,15,0.6,0.98,57.66976744186023,2.7857566514247605,0.3930232558139535,3471.1535999999755,430,155.66976744186024
1.5,2,6,0.6,0.764,78.77633136094542,2.367780132325571,0.3905325443786982,2452.0239999999485,169,155.17633136094543
1.5,3,3,0.5,0.56,99.15294117646425,2.123532932066005,0.38823529411764707,1216.3051999999398,85,155.15294117646425
1.5,1,6,0.6,0.984,56.66145833333313,2.732638400313228,0.3958333333333333,3449.0675999999808,192,155.06145833333312
1.5,1,6,0.5,0.982,56.66145833333313,2.732638400313228,0.3958333333333333,3464.252799999982,192,154.86145833333313
0.8,2,20,0.6,0.656,89.09043478260702,2.1400209692535657,0.41304347826086957,2017.3079999999443,230,154.69043478260704
1.5,3,3,0.6,0.554,99.15294117646425,2.123532932066005,0.38823529411764707,1283.9171999999344,85,154.55294117646426
1.5,1,6,0.4,0.978,56.66145833333313,2.732638400313228,0.3958333333333333,3448.659199999981,192,154.46145833333313
1.0,3,2,0.6,0.504,103.51818181817242,2.3802501739514907,0.36363636363636365,1107.0343999999154,66,153.91818181817243
0.8,1,3,0.6,0.904,63.37547169811245,3.3433841007130733,0.3490566037735849,3053.022399999963,106,153.77547169811245
0.8,1,3,0.5,0.902,63.37547169811245,3.3433841007130733,0.3490566037735849,3067.6103999999623,106,153.57547169811244
0.8,1,3,0.4,0.9,63.37547169811245,3.3433841007130733,0.3490566037735849,3115.047199999961,106,153.37547169811245
1.0,3,2,0.4,0.498,103.51818181817242,2.3802501739514907,0.36363636363636365,1029.365199999918,66,153.31818181817243
0.8,2,20,0.4,0.642,89.09043478260702,2.1400209692535657,0.41304347826086957,1892.640799999944,230,153.290434782607
1.5,1,4,0.4,0.97,55.62537313432793,2.63367958943918,0.40298507462686567,3322.5227999999743,134,152.62537313432793
1.5,1,4,0.5,0.964,55.62537313432793,2.63367958943918,0.40298507462686567,3312.031199999974,134,152.02537313432794
1.5,1,4,0.6,0.962,55.62537313432793,2.63367958943918,0.40298507462686567,3310.8051999999743,134,151.82537313432795
1.0,2,2,0.5,0.672,80.33043478260632,3.002532195051338,0.3333333333333333,1993.8391999999428,69,147.53043478260633
0.8,1,20,0.6,0.99,48.3229323308269,2.5810991558041088,0.39473684210526316,3563.5987999999757,532,147.32293233082692
0.8,1,20,0.4,0.988,48.3229323308269,2.5810991558041088,0.39473684210526316,3604.7843999999745,532,147.1229323308269
0.8,1,20,0.5,0.986,48.3229323308269,2.5810991558041088,0.39473684210526316,3569.126399999975,532,146.92293233082688
0.8,2,10,0.6,0.666,80.24120603014885,2.314861295183436,0.38190954773869346,1957.1879999999414,199,146.84120603014884
1.5,1,15,0.6,0.978,48.91064935064921,2.4463555890812194,0.4103896103896104,3465.250399999985,385,146.7106493506492
1.5,1,15,0.4,0.974,48.91064935064921,2.4463555890812194,0.4103896103896104,3432.489199999985,385,146.31064935064921
0.8,1,25,0.5,0.988,47.253697749195965,2.50679677034981,0.4003215434083601,3648.971599999974,622,146.05369774919598
1.5,1,15,0.5,0.966,48.91064935064921,2.4463555890812194,0.4103896103896104,3422.7115999999846,385,145.5106493506492
0.8,1,25,0.6,0.982,47.253697749195965,2.50679677034981,0.4003215434083601,3576.0171999999748,622,145.45369774919595
1.5,3,15,0.5,0.594,85.93466666666654,1.9358966578287466,0.4066666666666667,1626.2167999999558,150,145.33466666666655
1.0,2,2,0.4,0.65,80.33043478260632,3.002532195051338,0.3333333333333333,1876.5247999999451,69,145.33043478260632
0.8,2,10,0.5,0.65,80.24120603014885,2.314861295183436,0.38190954773869346,1838.8199999999442,199,145.24120603014885
1.5,3,4,0.4,0.536,91.55922330096962,1.905180491195985,0.4077669902912621,1184.622799999947,103,145.15922330096961
1.0,1,6,0.4,0.932,51.92233009708734,2.832810705301209,0.3737864077669903,3219.2727999999815,206,145.12233009708734
0.8,1,25,0.4,0.978,47.253697749195965,2.50679677034981,0.4003215434083601,3555.482799999977,622,145.05369774919598
0.8,3,15,0.6,0.558,88.95857142856602,1.9086729565150187,0.40714285714285714,1438.361999999933,140,144.75857142856603
0.8,3,15,0.4,0.556,88.95857142856602,1.9086729565150187,0.40714285714285714,1399.9619999999356,140,144.55857142856604
1.0,2,2,0.6,0.642,80.33043478260632,3.002532195051338,0.3333333333333333,1779.6823999999451,69,144.53043478260633
0.8,3,20,0.5,0.552,88.95857142856602,1.9086729565150187,0.40714285714285714,1335.819999999934,140,144.158571428566
1.5,3,10,0.4,0.588,85.06524822695036,1.942808451672207,0.40425531914893614,1506.0387999999516,141,143.86524822695037
0.8,3,25,0.5,0.548,88.95857142856602,1.9086729565150187,0.40714285714285714,1361.0199999999363,140,143.75857142856603
0.8,3,20,0.4,0.546,88.95857142856602,1.9086729565150187,0.40714285714285714,1319.087199999931,140,143.558571428566
1.5,3,15,0.6,0.574,85.93466666666654,1.9358966578287466,0.4066666666666667,1439.5091999999554,150,143.33466666666655
0.8,3,3,0.4,0.49,94.27341772150635,1.879662777418766,0.4050632911392405,917.3811999999143,79,143.27341772150635
1.0,1,6,0.5,0.912,51.92233009708734,2.832810705301209,0.3737864077669903,3122.393999999983,206,143.12233009708734
0.8,3,3,0.6,0.486,94.27341772150635,1.879662777418766,0.4050632911392405,949.1131999999186,79,142.87341772150634
1.5,3,15,0.4,0.568,85.93466666666654,1.9358966578287466,0.4066666666666667,1412.595999999956,150,142.73466666666656
1.0,1,6,0.6,0.906,51.92233009708734,2.832810705301209,0.3737864077669903,3066.7295999999837,206,142.52233009708735
1.5,3,4,0.6,0.504,91.55922330096962,1.905180491195985,0.4077669902912621,966.2511999999545,103,141.95922330096963
0.8,2,6,0.5,0.624,79.37333333333086,2.3164656649238338,0.38,1699.0127999999459,150,141.77333333333087
0.8,2,10,0.4,0.612,80.24120603014885,2.314861295183436,0.38190954773869346,1704.6279999999417,199,141.44120603014883
1.25,2,3,0.6,0.67,74.417021276593,2.965510756923481,0.32978723404255317,1984.6719999999323,94,141.417021276593
0.8,3,20,0.6,0.52,88.95857142856602,1.9086729565150187,0.40714285714285714,1137.662799999935,140,140.95857142856602
1.5,3,10,0.5,0.558,85.06524822695036,1.942808451672207,0.40425531914893614,1352.481599999955,141,140.86524822695037
1.5,3,4,0.5,0.492,91.55922330096962,1.905180491195985,0.4077669902912621,972.5419999999525,103,140.7592233009696
0.8,3,15,0.5,0.518,88.95857142856602,1.9086729565150187,0.40714285714285714,1200.8535999999358,140,140.75857142856603
0.8,2,6,0.6,0.608,79.37333333333086,2.3164656649238338,0.38,1501.3783999999546,150,140.17333333333085
0.8,3,25,0.4,0.512,88.95857142856602,1.9086729565150187,0.40714285714285714,1158.5619999999353,140,140.158571428566
0.8,2,6,0.4,0.604,79.37333333333086,2.3164656649238338,0.38,1556.5911999999498,150,139.77333333333087
0.8,3,3,0.5,0.452,94.27341772150635,1.879662777418766,0.4050632911392405,779.7559999999226,79,139.47341772150634
1.5,1,20,0.4,0.974,41.58523206751042,2.290045083431063,0.41139240506329117,3478.345199999984,474,138.98523206751042
1.0,1,25,0.4,1.0,38.94375939849611,2.246805495540708,0.4105263157894737,3583.907999999975,665,138.94375939849613
1.0,1,25,0.5,1.0,38.94375939849611,2.246805495540708,0.4105263157894737,3605.0635999999754,665,138.94375939849613
1.0,1,25,0.6,1.0,38.94375939849611,2.246805495540708,0.4105263157894737,3584.836799999976,665,138.94375939849613
1.5,3,10,0.6,0.538,85.06524822695036,1.942808451672207,0.40425531914893614,1179.1475999999564,141,138.86524822695037
1.0,1,20,0.4,1.0,38.828774422735165,2.295211175185095,0.40319715808170514,3563.836799999975,563,138.82877442273517
1.0,1,20,0.5,1.0,38.828774422735165,2.295211175185095,0.40319715808170514,3595.628799999976,563,138.82877442273517
1.5,1,20,0.5,0.972,41.58523206751042,2.290045083431063,0.41139240506329117,3478.835599999985,474,138.78523206751044
1.0,1,20,0.6,0.998,38.828774422735165,2.295211175185095,0.40319715808170514,3600.0535999999734,563,138.62877442273515
0.8,3,25,0.6,0.496,88.95857142856602,1.9086729565150187,0.40714285714285714,1050.636799999937,140,138.558571428566
1.5,1,20,0.6,0.968,41.58523206751042,2.290045083431063,0.41139240506329117,3462.6955999999855,474,138.3852320675104
1.0,1,10,0.5,0.966,41.750931677018414,2.5303481379585784,0.38198757763975155,3406.278799999972,322,138.35093167701842
1.0,1,10,0.6,0.966,41.750931677018414,2.5303481379585784,0.38198757763975155,3408.6655999999716,322,138.35093167701842
1.5,3,20,0.6,0.574,80.56903225806434,1.910131891188949,0.4064516129032258,1419.697599999956,155,137.96903225806435
1.0,1,15,0.5,0.984,39.536888888888626,2.4330072639225127,0.3888888888888889,3524.2771999999695,450,137.93688888888863
1.25,2,3,0.4,0.634,74.417021276593,2.965510756923481,0.32978723404255317,1826.7759999999334,94,137.817021276593
1.0,1,15,0.6,0.982,39.536888888888626,2.4330072639225127,0.3888888888888889,3534.2515999999687,450,137.73688888888864
1.0,1,15,0.4,0.98,39.536888888888626,2.4330072639225127,0.3888888888888889,3494.976799999969,450,137.53688888888863
1.0,1,10,0.4,0.95,41.750931677018414,2.5303481379585784,0.38198757763975155,3350.4271999999723,322,136.7509316770184
1.5,3,20,0.5,0.552,80.56903225806434,1.910131891188949,0.4064516129032258,1301.73439999996,155,135.76903225806433
1.5,3,20,0.4,0.55,80.56903225806434,1.910131891188949,0.4064516129032258,1279.349199999958,155,135.56903225806434
1.5,3,6,0.5,0.546,80.35867768595006,1.9518351063829786,0.39669421487603307,1201.5463999999492,121,134.95867768595005
1.5,1,25,0.5,0.968,37.83152173913031,2.15245125987575,0.42028985507246375,3424.622399999986,552,134.6315217391303
1.5,1,25,0.4,0.966,37.83152173913031,2.15245125987575,0.42028985507246375,3405.961999999988,552,134.4315217391303
1.25,1,20,0.6,0.962,37.772563176895204,2.2549038544570266,0.40613718411552346,3403.3663999999803,554,133.97256317689522
1.25,1,20,0.5,0.962,37.772563176895204,2.2549038544570266,0.40613718411552346,3397.5847999999783,554,133.97256317689522
1.5,1,25,0.6,0.96,37.83152173913031,2.15245125987575,0.42028985507246375,3355.2215999999867,552,133.83152173913032
1.25,2,3,0.5,0.58,74.417021276593,2.965510756923481,0.32978723404255317,1594.596799999935,94,132.417021276593
1.25,1,15,0.6,0.95,37.275336322869805,2.3351951478600523,0.39461883408071746,3351.9679999999744,446,132.2753363228698
1.5,3,6,0.6,0.518,80.35867768595006,1.9518351063829786,0.39669421487603307,1042.052799999959,121,132.15867768595007
1.25,1,25,0.5,0.976,34.28266253869958,2.210902720929576,0.4040247678018576,3512.888399999974,646,131.88266253869958
1.5,3,8,0.6,0.56,75.7268656716426,2.005908450872696,0.3880597014925373,1306.1919999999652,134,131.7268656716426
1.25,1,25,0.4,0.972,34.28266253869958,2.210902720929576,0.4040247678018576,3475.2167999999765,646,131.48266253869957
1.25,1,15,0.5,0.942,37.275336322869805,2.3351951478600523,0.39461883408071746,3304.7463999999727,446,131.4753363228698
1.25,1,20,0.4,0.936,37.772563176895204,2.2549038544570266,0.40613718411552346,3297.1103999999814,554,131.3725631768952
1.25,1,25,0.6,0.97,34.28266253869958,2.210902720929576,0.4040247678018576,3456.433999999976,646,131.28266253869958
1.25,1,15,0.4,0.94,37.275336322869805,2.3351951478600523,0.39461883408071746,3254.5651999999745,446,131.2753363228698
1.25,1,10,0.5,0.948,36.39624999999974,2.4281762399835025,0.38125,3332.2843999999727,320,131.19624999999974
1.0,1,8,0.6,0.898,40.50902255639086,2.7452658050178345,0.35714285714285715,3118.493199999978,266,130.30902255639086
0.8,2,4,0.4,0.554,74.77543859648728,2.3542973266528455,0.3684210526315789,1286.1271999999396,114,130.17543859648728
1.0,1,8,0.4,0.896,40.50902255639086,2.7452658050178345,0.35714285714285715,3058.681999999977,266,130.10902255639087
1.25,1,10,0.4,0.932,36.39624999999974,2.4281762399835025,0.38125,3199.1191999999733,320,129.59624999999974
1.5,3,6,0.4,0.492,80.35867768595006,1.9518351063829786,0.39669421487603307,876.4751999999561,121,129.55867768595004
1.5,3,25,0.5,0.582,71.35124999999937,1.908193767073326,0.4,1470.6099999999476,160,129.55124999999936
1.5,3,8,0.4,0.532,75.7268656716426,2.005908450872696,0.3880597014925373,1060.5431999999741,134,128.9268656716426
1.0,1,8,0.5,0.882,40.50902255639086,2.7452658050178345,0.35714285714285715,3019.2827999999763,266,128.70902255639086
1.25,1,10,0.6,0.922,36.39624999999974,2.4281762399835025,0.38125,3192.0035999999723,320,128.59624999999974
0.8,2,4,0.6,0.532,74.77543859648728,2.3542973266528455,0.3684210526315789,1159.8487999999447,114,127.97543859648728
1.5,3,25,0.4,0.546,71.35124999999937,1.908193767073326,0.4,1209.7659999999603,160,125.95124999999936
0.8,2,8,0.6,0.574,67.56853932583985,2.231937540932722,0.37640449438202245,1420.5039999999499,178,124.96853932583986
0.8,2,8,0.5,0.572,67.56853932583985,2.231937540932722,0.37640449438202245,1409.7471999999464,178,124.76853932583984
0.8,2,4,0.5,0.498,74.77543859648728,2.3542973266528455,0.3684210526315789,1007.4391999999407,114,124.57543859648727
1.5,3,25,0.6,0.53,71.35124999999937,1.908193767073326,0.4,1131.4875999999597,160,124.35124999999937
0.8,3,6,0.4,0.512,72.84074074073277,1.9339773072916746,0.3888888888888889,1017.0887999999169,108,124.04074074073277
1.75,1,25,0.4,0.988,25.20259179265652,2.2006270049515795,0.38228941684665224,3425.554799999987,463,124.00259179265652
1.75,1,25,0.6,0.984,25.20259179265652,2.2006270049515795,0.38228941684665224,3400.2455999999875,463,123.60259179265653
1.0,1,2,0.5,0.75,48.527777777777445,3.0422761695802882,0.3472222222222222,2580.326799999983,72,123.52777777777744
1.5,3,8,0.5,0.478,75.7268656716426,2.005908450872696,0.3880597014925373,843.7155999999756,134,123.5268656716426
1.0,1,2,0.6,0.748,48.527777777777445,3.0422761695802882,0.3472222222222222,2591.5911999999835,72,123.32777777777744
1.75,1,25,0.5,0.972,25.20259179265652,2.2006270049515795,0.38228941684665224,3341.092399999987,463,122.40259179265652
0.8,3,6,0.6,0.492,72.84074074073277,1.9339773072916746,0.3888888888888889,901.3591999999235,108,122.04074074073277
2.0,1,25,0.4,0.932,28.473062730627305,2.414890377588307,0.36900369003690037,3181.6903999999895,271,121.67306273062731
0.8,2,8,0.4,0.54,67.56853932583985,2.231937540932722,0.37640449438202245,1226.0063999999475,178,121.56853932583985
0.8,3,6,0.5,0.486,72.84074074073277,1.9339773072916746,0.3888888888888889,839.8131999999276,108,121.44074074073276
1.0,1,2,0.4,0.728,48.527777777777445,3.0422761695802882,0.3472222222222222,2593.647599999984,72,121.32777777777744
2.0,1,15,0.6,0.9,31.208810572687213,2.480608514430465,0.3656387665198238,3070.811599999989,227,121.20881057268721
2.0,1,15,0.4,0.888,31.208810572687213,2.480608514430465,0.3656387665198238,2987.7643999999887,227,120.00881057268721
2.0,1,25,0.6,0.908,28.473062730627305,2.414890377588307,0.36900369003690037,3067.57279999999,271,119.2730627306273
1.25,3,3,0.5,0.466,72.44249999998976,1.9575820468547374,0.3875,777.3307999999245,80,119.04249999998976
1.25,3,3,0.6,0.464,72.44249999998976,1.9575820468547374,0.3875,825.0559999999206,80,118.84249999998977
2.0,1,25,0.5,0.898,28.473062730627305,2.414890377588307,0.36900369003690037,3059.26879999999,271,118.2730627306273
2.0,1,15,0.5,0.87,31.208810572687213,2.480608514430465,0.3656387665198238,2950.703999999989,227,118.20881057268721
1.25,1,2,0.4,0.724,45.541666666666316,2.677580466148716,0.375,2541.333599999983,72,117.94166666666631
1.25,3,3,0.4,0.454,72.44249999998976,1.9575820468547374,0.3875,782.7571999999172,80,117.84249999998977
0.8,2,3,0.6,0.518,64.67826086955867,2.323019328089691,0.358695652173913,1094.0503999999341,92,116.47826086955868
1.75,1,20,0.5,0.938,22.071153846153834,2.207413495456029,0.37259615384615385,3175.961999999993,416,115.87115384615383
1.25,1,2,0.5,0.702,45.541666666666316,2.677580466148716,0.375,2482.8291999999824,72,115.7416666666663
1.75,1,15,0.4,0.938,21.868715083798875,2.310530849435777,0.36033519553072624,3182.0339999999915,358,115.66871508379887
0.8,2,3,0.5,0.508,64.67826086955867,2.323019328089691,0.358695652173913,1004.4143999999328,92,115.47826086955867
1.75,1,20,0.6,0.932,22.071153846153834,2.207413495456029,0.37259615384615385,3141.9559999999933,416,115.27115384615384
1.75,2,15,0.6,0.704,44.814545454544174,2.2210787968899814,0.36727272727272725,2071.1407999999424,275,115.21454545454417
1.75,1,20,0.4,0.926,22.071153846153834,2.207413495456029,0.37259615384615385,3104.613999999993,416,114.67115384615384
1.25,1,8,0.5,0.844,29.491254752851518,2.3438144138456063,0.3726235741444867,2822.5015999999764,263,113.89125475285151
1.25,1,8,0.4,0.842,29.491254752851518,2.3438144138456063,0.3726235741444867,2803.3907999999756,263,113.69125475285152
1.25,1,8,0.6,0.84,29.491254752851518,2.3438144138456063,0.3726235741444867,2758.1567999999766,263,113.49125475285152
0.8,2,3,0.4,0.486,64.67826086955867,2.323019328089691,0.358695652173913,919.3967999999346,92,113.27826086955866
1.75,1,15,0.5,0.914,21.868715083798875,2.310530849435777,0.36033519553072624,3100.2199999999925,358,113.26871508379888
1.25,1,2,0.6,0.674,45.541666666666316,2.677580466148716,0.375,2434.422399999983,72,112.94166666666632
1.75,2,15,0.4,0.68,44.814545454544174,2.2210787968899814,0.36727272727272725,2002.7839999999433,275,112.81454545454417
2.0,1,20,0.6,0.858,26.761752988047803,2.462042161820323,0.35856573705179284,2886.894399999989,251,112.5617529880478
1.75,1,15,0.6,0.906,21.868715083798875,2.310530849435777,0.36033519553072624,2995.1623999999924,358,112.46871508379888
2.0,1,20,0.5,0.852,26.761752988047803,2.462042161820323,0.35856573705179284,2812.3847999999894,251,111.9617529880478
2.0,1,20,0.4,0.84,26.761752988047803,2.462042161820323,0.35856573705179284,2776.997199999989,251,110.7617529880478
1.25,3,20,0.4,0.504,59.98439716311498,1.839132966906432,0.3971631205673759,960.2823999999495,141,110.38439716311498
1.75,2,15,0.5,0.654,44.814545454544174,2.2210787968899814,0.36727272727272725,1848.267199999942,275,110.21454545454418
2.0,1,10,0.5,0.832,26.942408376963442,2.571230020847813,0.34554973821989526,2783.011199999996,191,110.14240837696344
1.75,2,10,0.6,0.632,46.74703196346874,2.3728813362060617,0.3515981735159817,1724.36399999994,219,109.94703196346875
2.0,1,8,0.6,0.808,29.031137724551,2.5380820798225328,0.3532934131736527,2699.1875999999947,167,109.83113772455101
1.25,3,20,0.6,0.498,59.98439716311498,1.839132966906432,0.3971631205673759,952.0391999999507,141,109.78439716311497
1.25,3,25,0.5,0.496,59.98439716311498,1.839132966906432,0.3971631205673759,1035.3539999999382,141,109.58439716311497
1.25,3,15,0.4,0.496,59.98439716311498,1.839132966906432,0.3971631205673759,984.510799999942,141,109.58439716311497
1.75,2,10,0.4,0.628,46.74703196346874,2.3728813362060617,0.3515981735159817,1614.2543999999375,219,109.54703196346874
1.25,3,20,0.5,0.494,59.98439716311498,1.839132966906432,0.3971631205673759,972.7631999999427,141,109.38439716311498
1.25,3,15,0.6,0.494,59.98439716311498,1.839132966906432,0.3971631205673759,981.5823999999465,141,109.38439716311498
2.0,1,10,0.4,0.824,26.942408376963442,2.571230020847813,0.34554973821989526,2794.9383999999955,191,109.34240837696343
1.0,2,20,0.6,0.644,44.79759759759557,1.8297326597543062,0.4084084084084084,1853.2055999999252,333,109.19759759759557
2.0,1,8,0.4,0.798,29.031137724551,2.5380820798225328,0.3532934131736527,2633.049199999995,167,108.83113772455101
1.25,2,20,0.4,0.644,44.30662460567757,1.843668960903751,0.41009463722397477,1737.537599999964,317,108.70662460567758
2.0,1,10,0.6,0.812,26.942408376963442,2.571230020847813,0.34554973821989526,2700.6315999999956,191,108.14240837696344
0.8,3,10,0.6,0.496,58.363636363630235,1.9553421088098861,0.3787878787878788,1070.487999999927,132,107.96363636363023
1.0,2,25,0.6,0.628,45.09655172413596,1.8004876471170286,0.41379310344827586,1853.8103999999198,348,107.89655172413596
1.25,2,25,0.4,0.64,43.636470588234715,1.8115117989794258,0.4147058823529412,1830.5879999999606,340,107.63647058823472
1.25,2,25,0.5,0.64,43.636470588234715,1.8115117989794258,0.4147058823529412,1767.3911999999682,340,107.63647058823472
1.0,2,20,0.4,0.622,44.79759759759557,1.8297326597543062,0.4084084084084084,1716.6159999999268,333,106.99759759759557
1.25,3,15,0.5,0.47,59.98439716311498,1.839132966906432,0.3971631205673759,831.4939999999481,141,106.98439716311498
1.75,2,10,0.5,0.602,46.74703196346874,2.3728813362060617,0.3515981735159817,1597.3815999999358,219,106.94703196346873
1.0,2,25,0.5,0.616,45.09655172413596,1.8004876471170286,0.41379310344827586,1808.722399999922,348,106.69655172413596
1.0,2,20,0.5,0.618,44.79759759759557,1.8297326597543062,0.4084084084084084,1665.176799999924,333,106.59759759759557
1.25,3,25,0.6,0.464,59.98439716311498,1.839132966906432,0.3971631205673759,744.9511999999503,141,106.38439716311498
2.0,1,8,0.5,0.772,29.031137724551,2.5380820798225328,0.3532934131736527,2547.6095999999957,167,106.231137724551
1.25,1,6,0.4,0.808,25.425490196078243,2.296266439294107,0.36764705882352944,2640.0007999999716,204,106.22549019607825
1.25,2,15,0.5,0.62,44.03957597173047,1.8798815294361928,0.4028268551236749,1577.1087999999593,283,106.03957597173047
1.0,1,3,0.4,0.714,34.480373831775125,2.9273527793065353,0.32710280373831774,2248.2311999999665,107,105.88037383177512
1.25,2,25,0.6,0.622,43.636470588234715,1.8115117989794258,0.4147058823529412,1725.345599999962,340,105.83647058823472
1.25,2,20,0.5,0.614,44.30662460567757,1.843668960903751,0.41009463722397477,1536.892799999963,317,105.70662460567758
1.0,2,25,0.4,0.602,45.09655172413596,1.8004876471170286,0.41379310344827586,1734.9767999999272,348,105.29655172413595
1.25,1,6,0.6,0.796,25.425490196078243,2.296266439294107,0.36764705882352944,2620.7843999999723,204,105.02549019607825
1.0,1,3,0.6,0.704,34.480373831775125,2.9273527793065353,0.32710280373831774,2225.2019999999648,107,104.88037383177512
1.25,2,15,0.6,0.606,44.03957597173047,1.8798815294361928,0.4028268551236749,1530.9375999999593,283,104.63957597173047
0.8,3,10,0.4,0.462,58.363636363630235,1.9553421088098861,0.3787878787878788,951.2799999999286,132,104.56363636363024
1.25,2,15,0.4,0.6,44.03957597173047,1.8798815294361928,0.4028268551236749,1481.6751999999583,283,104.03957597173047
2.0,2,8,0.5,0.648,39.09299363057278,2.3944320564448973,0.34394904458598724,1830.2711999999644,157,103.89299363057278
1.25,1,6,0.5,0.784,25.425490196078243,2.296266439294107,0.36764705882352944,2538.6707999999717,204,103.82549019607825
0.8,3,10,0.5,0.452,58.363636363630235,1.9553421088098861,0.3787878787878788,827.6959999999343,132,103.56363636363024
1.25,2,20,0.6,0.59,44.30662460567757,1.843668960903751,0.41009463722397477,1421.9015999999697,317,103.30662460567757
1.25,3,25,0.4,0.428,59.98439716311498,1.839132966906432,0.3971631205673759,653.1027999999543,141,102.78439716311497
1.75,2,20,0.6,0.65,36.81049180327787,2.1662267604395393,0.3639344262295082,1785.9039999999563,305,101.81049180327787
2.0,2,8,0.4,0.626,39.09299363057278,2.3944320564448973,0.34394904458598724,1804.4903999999633,157,101.69299363057277
1.0,1,3,0.5,0.662,34.480373831775125,2.9273527793065353,0.32710280373831774,2031.893199999966,107,100.68037383177513
1.75,2,20,0.4,0.634,36.81049180327787,2.1662267604395393,0.3639344262295082,1720.441599999955,305,100.21049180327788
1.25,3,4,0.6,0.448,54.90851063828916,1.911482038018957,0.3829787234042553,643.0195999999229,94,99.70851063828917
2.0,2,8,0.6,0.604,39.09299363057278,2.3944320564448973,0.34394904458598724,1559.134399999963,157,99.49299363057278
1.25,1,4,0.4,0.706,27.984172661870062,2.4975310879068506,0.35251798561151076,2173.806799999968,139,98.58417266187006
1.75,2,25,0.5,0.622,35.593670886075046,2.1531063506649426,0.3639240506329114,1620.3423999999618,316,97.79367088607505
1.75,1,10,0.4,0.786,19.153676470588238,2.4469512501255144,0.3382352941176471,2512.87839999999,272,97.75367647058825
1.0,2,10,0.5,0.59,38.48446215139228,2.0922911747706965,0.3705179282868526,1566.2031999999251,251,97.48446215139228
1.25,3,4,0.4,0.422,54.90851063828916,1.911482038018957,0.3829787234042553,465.65359999993,94,97.10851063828915
2.0,1,6,0.6,0.706,26.458571428571616,2.6637059501454363,0.3357142857142857,2230.23,140,97.05857142857161
1.75,1,10,0.6,0.778,19.153676470588238,2.4469512501255144,0.3382352941176471,2502.9979999999896,272,96.95367647058823
1.25,3,4,0.5,0.42,54.90851063828916,1.911482038018957,0.3829787234042553,455.61799999992763,94,96.90851063828916
1.75,2,20,0.5,0.6,36.81049180327787,2.1662267604395393,0.3639344262295082,1547.4239999999572,305,96.81049180327787
2.0,2,6,0.5,0.586,37.990977443608614,2.6048132242119713,0.3233082706766917,1442.5943999999624,133,96.59097744360861
2.0,2,15,0.6,0.616,34.71387559808596,2.296480557701322,0.3492822966507177,1694.0847999999671,209,96.31387559808596
1.25,1,4,0.6,0.678,27.984172661870062,2.4975310879068506,0.35251798561151076,2118.8023999999687,139,95.78417266187007
1.0,2,10,0.4,0.57,38.48446215139228,2.0922911747706965,0.3705179282868526,1487.0871999999292,251,95.48446215139228
2.0,1,6,0.4,0.686,26.458571428571616,2.6637059501454363,0.3357142857142857,2146.7744,140,95.05857142857163
1.75,2,25,0.4,0.594,35.593670886075046,2.1531063506649426,0.3639240506329114,1399.9279999999678,316,94.99367088607505
2.0,2,15,0.4,0.602,34.71387559808596,2.296480557701322,0.3492822966507177,1622.0415999999673,209,94.91387559808595
1.25,1,4,0.5,0.658,27.984172661870062,2.4975310879068506,0.35251798561151076,1965.6295999999704,139,93.78417266187006
2.0,2,6,0.6,0.556,37.990977443608614,2.6048132242119713,0.3233082706766917,1384.2223999999596,133,93.59097744360862
2.0,1,6,0.5,0.67,26.458571428571616,2.6637059501454363,0.3357142857142857,2151.1268,140,93.45857142857162
1.75,2,25,0.6,0.578,35.593670886075046,2.1531063506649426,0.3639240506329114,1446.632799999962,316,93.39367088607504
1.25,2,10,0.4,0.54,39.30464135020998,1.96399565863098,0.38396624472573837,1212.7263999999627,237,93.30464135020998
2.0,2,6,0.4,0.55,37.990977443608614,2.6048132242119713,0.3233082706766917,1369.84079999996,133,92.99097744360861
2.0,2,15,0.5,0.582,34.71387559808596,2.296480557701322,0.3492822966507177,1517.2191999999673,209,92.91387559808595
1.75,1,10,0.5,0.734,19.153676470588238,2.4469512501255144,0.3382352941176471,2267.3299999999917,272,92.55367647058824
2.0,2,10,0.4,0.594,32.90726256983234,2.408353948989589,0.33519553072625696,1520.2367999999647,179,92.30726256983235
1.0,1,4,0.4,0.656,26.70496453900688,2.8288907361226507,0.3191489361702128,1990.369599999969,141,92.30496453900689
2.0,2,25,0.5,0.584,33.76347826086959,2.267463377799556,0.3521739130434783,1462.1367999999782,230,92.1634782608696
2.0,2,10,0.5,0.59,32.90726256983234,2.408353948989589,0.33519553072625696,1514.2239999999622,179,91.90726256983234
1.0,1,4,0.5,0.652,26.70496453900688,2.8288907361226507,0.3191489361702128,1933.182799999971,141,91.90496453900688
1.25,2,10,0.5,0.524,39.30464135020998,1.96399565863098,0.38396624472573837,1096.647199999964,237,91.70464135020998
1.0,2,10,0.6,0.532,38.48446215139228,2.0922911747706965,0.3705179282868526,1264.1631999999302,251,91.68446215139228
2.0,2,25,0.4,0.576,33.76347826086959,2.267463377799556,0.3521739130434783,1481.2383999999772,230,91.36347826086958
1.0,2,15,0.4,0.556,34.579354838707275,1.8208510831982474,0.3967741935483871,1362.360799999929,310,90.17935483870728
2.0,2,25,0.6,0.564,33.76347826086959,2.267463377799556,0.3521739130434783,1412.9319999999782,230,90.16347826086958
2.0,2,10,0.6,0.57,32.90726256983234,2.408353948989589,0.33519553072625696,1400.3663999999683,179,89.90726256983234
0.8,3,8,0.4,0.438,45.81147540982863,1.8938017214368261,0.3770491803278688,548.3411999999382,122,89.61147540982863
1.25,1,3,0.5,0.632,26.38867924528246,2.586138639819608,0.33962264150943394,2045.9551999999576,106,89.58867924528246
1.0,2,15,0.5,0.548,34.579354838707275,1.8208510831982474,0.3967741935483871,1313.1463999999257,310,89.37935483870729
1.0,1,4,0.6,0.626,26.70496453900688,2.8288907361226507,0.3191489361702128,1860.300799999969,141,89.30496453900687
1.0,3,25,0.5,0.474,41.68292682926432,1.843818357177549,0.38414634146341464,1018.5439999999369,164,89.08292682926432
0.8,3,4,0.6,0.444,44.534065934056,1.8921401194388554,0.37362637362637363,622.4295999999187,91,88.93406593405601
1.25,1,3,0.4,0.622,26.38867924528246,2.586138639819608,0.33962264150943394,2051.0755999999583,106,88.58867924528246
1.25,3,6,0.5,0.448,43.586324786317164,1.842566651604114,0.38461538461538464,606.1031999999287,117,88.38632478631718
1.25,2,10,0.6,0.49,39.30464135020998,1.96399565863098,0.38396624472573837,942.6847999999685,237,88.30464135020998
1.0,3,15,0.6,0.456,42.5974025973984,1.8996125040794116,0.37662337662337664,782.0499999999392,154,88.1974025973984
1.0,3,15,0.4,0.45,42.5974025973984,1.8996125040794116,0.37662337662337664,856.6759999999337,154,87.5974025973984
1.25,3,6,0.4,0.44,43.586324786317164,1.842566651604114,0.38461538461538464,597.9287999999256,117,87.58632478631716
1.0,3,25,0.4,0.458,41.68292682926432,1.843818357177549,0.38414634146341464,823.1959999999415,164,87.48292682926433
1.25,3,6,0.6,0.436,43.586324786317164,1.842566651604114,0.38461538461538464,626.6391999999288,117,87.18632478631716
2.0,2,20,0.6,0.558,31.171555555555585,2.242289130393945,0.3511111111111111,1353.0719999999762,225,86.9715555555556
0.8,3,4,0.4,0.424,44.534065934056,1.8921401194388554,0.37362637362637363,531.8735999999215,91,86.93406593405601
1.25,2,4,0.6,0.494,37.510743801651614,2.3728788365814517,0.33884297520661155,906.5911999999721,121,86.91074380165162
1.0,3,15,0.5,0.442,42.5974025973984,1.8996125040794116,0.37662337662337664,612.6639999999446,154,86.7974025973984
2.0,2,20,0.4,0.554,31.171555555555585,2.242289130393945,0.3511111111111111,1379.6679999999747,225,86.57155555555559
1.0,3,25,0.6,0.444,41.68292682926432,1.843818357177549,0.38414634146341464,707.1979999999418,164,86.08292682926432
1.0,3,20,0.6,0.452,40.80503144653687,1.8851509506905897,0.37735849056603776,785.8719999999415,159,86.00503144653688
0.8,3,8,0.5,0.4,45.81147540982863,1.8938017214368261,0.3770491803278688,466.3683999999383,122,85.81147540982863
1.25,1,3,0.6,0.592,26.38867924528246,2.586138639819608,0.33962264150943394,1969.7047999999577,106,85.58867924528246
1.0,2,15,0.6,0.51,34.579354838707275,1.8208510831982474,0.3967741935483871,1088.3575999999318,310,85.57935483870727
1.25,2,4,0.5,0.48,37.510743801651614,2.3728788365814517,0.33884297520661155,923.7175999999711,121,85.51074380165161
1.75,1,6,0.5,0.682,17.11011235955064,2.518540387340578,0.3258426966292135,2237.8964,178,85.31011235955064
1.25,2,4,0.4,0.472,37.510743801651614,2.3728788365814517,0.33884297520661155,809.1231999999732,121,84.7107438016516
1.25,3,10,0.5,0.454,39.00588235293537,1.8298839747793374,0.38235294117647056,638.7847999999439,136,84.40588235293538
2.0,2,20,0.5,0.532,31.171555555555585,2.242289130393945,0.3511111111111111,1327.191199999977,225,84.37155555555559
0.8,3,8,0.6,0.384,45.81147540982863,1.8938017214368261,0.3770491803278688,366.12279999993876,122,84.21147540982864
1.25,3,10,0.6,0.444,39.00588235293537,1.8298839747793374,0.38235294117647056,605.83039999995,136,83.40588235293538
1.0,3,20,0.4,0.426,40.80503144653687,1.8851509506905897,0.37735849056603776,592.4839999999433,159,83.40503144653687
1.0,3,20,0.5,0.424,40.80503144653687,1.8851509506905897,0.37735849056603776,562.2959999999474,159,83.20503144653688
0.8,3,4,0.5,0.382,44.534065934056,1.8921401194388554,0.37362637362637363,229.74439999992774,91,82.734065934056
1.0,2,6,0.4,0.506,31.853714285711902,2.264652110094903,0.34285714285714286,1001.3423999999457,175,82.4537142857119
1.75,2,8,0.5,0.524,29.910880829014076,2.4797810754964886,0.32124352331606215,1150.222399999948,193,82.31088082901408
1.75,1,8,0.4,0.666,14.552631578947341,2.51568315375213,0.3201754385964912,2099.528399999987,228,81.15263157894735
1.75,1,6,0.4,0.636,17.11011235955064,2.518540387340578,0.3258426966292135,1980.5035999999998,178,80.71011235955064
1.0,2,3,0.6,0.48,32.53199999999492,2.4929659555441397,0.32,919.1303999999191,100,80.53199999999492
1.75,2,8,0.6,0.506,29.910880829014076,2.4797810754964886,0.32124352331606215,1074.4775999999497,193,80.51088082901407
1.75,2,6,0.5,0.504,29.496855345910603,2.476754573282247,0.32075471698113206,998.6327999999519,159,79.89685534591061
1.25,3,10,0.4,0.408,39.00588235293537,1.8298839747793374,0.38235294117647056,385.48679999994727,136,79.80588235293537
1.0,2,6,0.6,0.478,31.853714285711902,2.264652110094903,0.34285714285714286,889.1047999999437,175,79.6537142857119
1.0,3,10,0.5,0.454,33.958904109584694,1.8987566516315177,0.3698630136986301,778.0799999999364,146,79.3589041095847
1.25,2,8,0.4,0.492,30.111004784687594,1.9596718083574711,0.37320574162679426,828.8735999999706,209,79.3110047846876
1.0,3,10,0.4,0.45,33.958904109584694,1.8987566516315177,0.3698630136986301,715.6599999999321,146,78.9589041095847
1.25,2,8,0.6,0.488,30.111004784687594,1.9596718083574711,0.37320574162679426,764.6903999999731,209,78.91100478468759
1.75,1,6,0.6,0.616,17.11011235955064,2.518540387340578,0.3258426966292135,2017.1688000000001,178,78.71011235955064
1.0,2,6,0.5,0.466,31.853714285711902,2.264652110094903,0.34285714285714286,835.0607999999429,175,78.4537142857119
1.75,2,8,0.4,0.484,29.910880829014076,2.4797810754964886,0.32124352331606215,1012.7231999999475,193,78.31088082901408
1.75,1,8,0.6,0.632,14.552631578947341,2.51568315375213,0.3201754385964912,1884.1571999999871,228,77.75263157894734
1.75,2,6,0.4,0.478,29.496855345910603,2.476754573282247,0.32075471698113206,931.4543999999541,159,77.2968553459106
1.0,2,3,0.5,0.444,32.53199999999492,2.4929659555441397,0.32,742.3671999999256,100,76.93199999999493
1.75,2,6,0.6,0.474,29.496855345910603,2.476754573282247,0.32075471698113206,901.117599999952,159,76.89685534591061
1.0,3,10,0.6,0.428,33.958904109584694,1.8987566516315177,0.3698630136986301,660.7279999999337,146,76.75890410958469
1.75,1,8,0.5,0.614,14.552631578947341,2.51568315375213,0.3201754385964912,1843.3535999999885,228,75.95263157894735
1.25,2,8,0.5,0.454,30.111004784687594,1.9596718083574711,0.37320574162679426,660.5263999999712,209,75.5110047846876
1.0,2,3,0.4,0.42,32.53199999999492,2.4929659555441397,0.32,593.6711999999253,100,74.53199999999492
1.25,2,6,0.4,0.452,21.762352941175862,2.064002630027655,0.35294117647058826,751.096799999976,170,66.96235294117587
1.0,3,3,0.5,0.378,29.15862068964691,2.186189889025843,0.3333333333333333,310.22559999992495,87,66.9586206896469
1.0,3,3,0.6,0.378,29.15862068964691,2.186189889025843,0.3333333333333333,355.6047999999223,87,66.9586206896469
1.0,3,3,0.4,0.36,29.15862068964691,2.186189889025843,0.3333333333333333,213.45479999993026,87,65.15862068964691
1.0,3,6,0.5,0.424,22.67619047618456,1.932547782519913,0.35714285714285715,477.7891999999386,126,65.07619047618456
1.25,3,8,0.6,0.436,21.393846153839434,1.8294964221413725,0.36923076923076925,532.685199999944,130,64.99384615383943
1.25,2,6,0.5,0.432,21.762352941175862,2.064002630027655,0.35294117647058826,614.385599999975,170,64.96235294117587
1.75,2,4,0.5,0.42,21.448739495796247,2.3845661741959736,0.31932773109243695,610.8823999999458,119,63.44873949579625
1.0,3,6,0.6,0.39,22.67619047618456,1.932547782519913,0.35714285714285715,357.36959999993195,126,61.67619047618456
1.0,3,6,0.4,0.39,22.67619047618456,1.932547782519913,0.35714285714285715,318.4279999999334,126,61.67619047618456
1.25,3,8,0.5,0.402,21.393846153839434,1.8294964221413725,0.36923076923076925,247.49799999994738,130,61.593846153839436
1.25,2,6,0.6,0.394,21.762352941175862,2.064002630027655,0.35294117647058826,385.9167999999801,170,61.16235294117586
1.25,3,8,0.4,0.396,21.393846153839434,1.8294964221413725,0.36923076923076925,196.28639999994766,130,60.993846153839435
1.75,2,4,0.4,0.394,21.448739495796247,2.3845661741959736,0.31932773109243695,453.2959999999488,119,60.848739495796245
1.75,2,4,0.6,0.388,21.448739495796247,2.3845661741959736,0.31932773109243695,472.9319999999485,119,60.24873949579625
1.0,2,8,0.4,0.44,15.503703703701575,2.2186717232695523,0.3287037037037037,749.0879999999432,216,59.503703703701575
2.0,3,2,0.5,0.378,20.348148148143764,3.063967233356881,0.25925925925925924,436.4939999999431,54,58.14814814814376
1.0,2,8,0.5,0.4,15.503703703701575,2.2186717232695523,0.3287037037037037,458.11119999994753,216,55.503703703701575
1.0,3,8,0.5,0.408,13.305797101444,1.9558771365212089,0.34782608695652173,507.197599999938,138,54.105797101444
2.0,3,3,0.5,0.348,19.10410958903492,3.047933853577837,0.2602739726027397,250.9211999999167,73,53.90410958903492
1.0,2,8,0.6,0.38,15.503703703701575,2.2186717232695523,0.3287037037037037,342.62959999995024,216,53.503703703701575
1.0,3,4,0.5,0.368,16.68155339805236,2.139081751436933,0.3300970873786408,214.3083999999313,103,53.481553398052355
2.0,3,3,0.4,0.342,19.10410958903492,3.047933853577837,0.2602739726027397,211.10879999991224,73,53.30410958903492
2.0,3,2,0.4,0.328,20.348148148143764,3.063967233356881,0.25925925925925924,198.9047999999487,54,53.14814814814377
2.0,3,2,0.6,0.324,20.348148148143764,3.063967233356881,0.25925925925925924,194.54719999994524,54,52.74814814814376
1.0,2,4,0.5,0.4,11.98412698412335,2.4648500599472576,0.30158730158730157,541.0455999999217,126,51.98412698412335
1.0,3,8,0.4,0.382,13.305797101444,1.9558771365212089,0.34782608695652173,277.75119999993956,138,51.505797101444
1.0,3,4,0.6,0.348,16.68155339805236,2.139081751436933,0.3300970873786408,127.82999999993534,103,51.481553398052355
2.0,3,3,0.6,0.322,19.10410958903492,3.047933853577837,0.2602739726027397,162.31519999991767,73,51.30410958903492
2.0,3,25,0.5,0.378,11.991666666662752,2.2603593477443527,0.31666666666666665,317.45759999994306,120,49.79166666666275
1.0,3,8,0.6,0.364,13.305797101444,1.9558771365212089,0.34782608695652173,211.55679999993848,138,49.705797101444
1.0,3,4,0.4,0.326,16.68155339805236,2.139081751436933,0.3300970873786408,84.96799999992663,103,49.28155339805236
1.75,1,4,0.6,0.378,10.13650793650794,2.3390728866115738,0.3253968253968254,1139.2415999999998,126,47.93650793650794
1.75,1,4,0.5,0.378,10.13650793650794,2.3390728866115738,0.3253968253968254,968.0595999999998,126,47.93650793650794
2.0,3,20,0.4,0.354,11.991666666662752,2.2603593477443527,0.31666666666666665,306.53199999993956,120,47.39166666666275
1.75,1,4,0.4,0.372,10.13650793650794,2.3390728866115738,0.3253968253968254,1054.4099999999999,126,47.33650793650794
2.0,3,15,0.6,0.346,11.991666666662752,2.2603593477443527,0.31666666666666665,158.0959999999458,120,46.591666666662746
2.0,3,25,0.6,0.346,11.991666666662752,2.2603593477443527,0.31666666666666665,167.92279999994287,120,46.591666666662746
1.0,2,4,0.6,0.338,11.98412698412335,2.4648500599472576,0.30158730158730157,150.22239999993204,126,45.784126984123354
2.0,3,15,0.4,0.334,11.991666666662752,2.2603593477443527,0.31666666666666665,144.92039999993995,120,45.39166666666275
1.0,2,4,0.4,0.33,11.98412698412335,2.4648500599472576,0.30158730158730157,99.1183999999316,126,44.98412698412335
2.0,3,25,0.4,0.322,11.991666666662752,2.2603593477443527,0.31666666666666665,111.66119999994686,120,44.191666666662755
2.0,3,15,0.5,0.322,11.991666666662752,2.2603593477443527,0.31666666666666665,69.52519999994075,120,44.191666666662755
2.0,2,2,0.4,0.308,11.712280701753173,2.99006019196354,0.2631578947368421,279.13519999996635,57,42.51228070175317
2.0,2,2,0.5,0.306,11.712280701753173,2.99006019196354,0.2631578947368421,210.6567999999666,57,42.31228070175317
1.75,2,3,0.5,0.352,6.782978723400532,2.321593917904048,0.30851063829787234,195.57119999994026,94,41.98297872340053
2.0,2,2,0.6,0.302,11.712280701753173,2.99006019196354,0.2631578947368421,252.3615999999679,57,41.912280701753176
1.75,2,3,0.4,0.336,6.782978723400532,2.321593917904048,0.30851063829787234,91.46799999994329,94,40.382978723400534
2.0,1,4,0.4,0.32,8.028846153846416,2.8370179021987343,0.27884615384615385,672.7527999999999,104,40.028846153846416
2.0,2,4,0.4,0.346,4.859999999999189,2.927643075182886,0.26,291.65599999995675,100,39.459999999999184
1.75,2,3,0.6,0.326,6.782978723400532,2.321593917904048,0.30851063829787234,96.85759999994195,94,39.382978723400534
2.0,2,4,0.5,0.338,4.859999999999189,2.927643075182886,0.26,227.9735999999547,100,38.659999999999194
2.0,1,4,0.6,0.288,8.028846153846416,2.8370179021987343,0.27884615384615385,500.69439999999986,104,36.82884615384641
2.0,1,4,0.5,0.28,8.028846153846416,2.8370179021987343,0.27884615384615385,461.3367999999998,104,36.028846153846416
1.75,3,3,0.6,0.358,-0.04470588235841433,2.147830952639966,0.3176470588235294,114.30759999994333,85,35.75529411764158
2.0,2,4,0.6,0.308,4.859999999999189,2.927643075182886,0.26,116.61039999995559,100,35.65999999999919
2.0,2,3,0.6,0.308,0.8641975308624694,3.065491670052793,0.24691358024691357,205.28719999994465,81,31.66419753086247
1.75,1,3,0.4,0.254,5.85979381443299,2.5116277463991272,0.29896907216494845,637.2919999999997,97,31.25979381443299
1.75,1,3,0.5,0.254,5.85979381443299,2.5116277463991272,0.29896907216494845,667.4699999999997,97,31.25979381443299
1.75,1,3,0.6,0.238,5.85979381443299,2.5116277463991272,0.29896907216494845,545.7155999999997,97,29.659793814432987
2.0,3,8,0.5,0.336,-9.123636363640856,2.3536993518683045,0.2909090909090909,116.91239999993324,110,24.476363636359146
2.0,3,4,0.4,0.33,-21.404597701154387,2.730783251821575,0.25287356321839083,79.24639999991705,87,11.595402298845613
